{
  "model_type": "lstm",
  "lead_months": 3,
  "task": "regression",
  "sequence_length": 9,
  "var_names": [
    "d20_nino34",
    "d20_nino4",
    "olr_eq",
    "slp_eq",
    "sst_nino12",
    "sst_nino3",
    "sst_nino34",
    "sst_nino4",
    "tauu_eq"
  ],
  "norm_mean": [
    94191720.0,
    -1778883.125,
    5410.12255859375,
    -0.023321738466620445,
    0.03664304316043854,
    0.02543412707746029,
    0.04626213386654854,
    0.033687442541122437,
    82.3292465209961
  ],
  "norm_std": [
    1006949312.0,
    821107200.0,
    578966.5625,
    0.4897976517677307,
    1.2016892433166504,
    0.9880181550979614,
    0.9538132548332214,
    0.6671524047851562,
    538.6937866210938
  ],
  "prediction_file": "/work/ext/st12/shap-enso/data/tuned_wide/lstm/lead03_regression/predictions/lstm_lead03_regression_test_predictions.csv",
  "training_history_file": "/work/ext/st12/shap-enso/data/tuned_wide/lstm/lead03_regression/models/lstm_lead03_regression_training_history.csv",
  "best_val_loss": 0.1566768393472389,
  "best_epoch": 9,
  "epochs_ran": 29,
  "val_rmse": 0.39582425355911255,
  "val_mae": 0.32598021626472473,
  "val_corr": 0.8543362778482623,
  "val_r2": 0.7235071659088135,
  "test_rmse": 0.4171670973300934,
  "test_mae": 0.3253817558288574,
  "test_corr": 0.9313614175065835,
  "test_r2": 0.825812578201294,
  "tuned": true,
  "best_params": {
    "hidden_size": 256,
    "num_layers": 1,
    "dropout": 0.3,
    "lr": 0.001,
    "weight_decay": 1e-05,
    "batch_size": 16,
    "sequence_length": 9,
    "max_epochs": 60
  },
  "run_output_dir": "/work/ext/st12/shap-enso/data/tuned_wide/lstm/lead03_regression",
  "model_dir": "/work/ext/st12/shap-enso/data/tuned_wide/lstm/lead03_regression/models",
  "prediction_dir": "/work/ext/st12/shap-enso/data/tuned_wide/lstm/lead03_regression/predictions",
  "metrics_dir": "/work/ext/st12/shap-enso/data/tuned_wide/lstm/lead03_regression/metrics",
  "tuning_output_dir": "/work/ext/st12/shap-enso/data/tuned_wide/lstm/lead03_regression/tuning"
}