{
  "model_type": "lstm",
  "lead_months": 6,
  "task": "classification",
  "sequence_length": 12,
  "var_names": [
    "d20_nino34",
    "d20_nino4",
    "olr_eq",
    "slp_eq",
    "sst_nino12",
    "sst_nino3",
    "sst_nino34",
    "sst_nino4",
    "tauu_eq"
  ],
  "norm_mean": [
    91836984.0,
    -5689422.5,
    5532.52197265625,
    -0.022849416360259056,
    0.03811345249414444,
    0.025428812950849533,
    0.04531019553542137,
    0.03192232921719551,
    83.16010284423828
  ],
  "norm_std": [
    1010410560.0,
    823576128.0,
    581372.0,
    0.49053359031677246,
    1.206208348274231,
    0.9923521280288696,
    0.9580971002578735,
    0.6695705652236938,
    540.1183471679688
  ],
  "prediction_file": "/work/ext/st12/shap-enso/data/tuned_wide/lstm/lead06_classification/predictions/lstm_lead06_classification_test_predictions.csv",
  "training_history_file": "/work/ext/st12/shap-enso/data/tuned_wide/lstm/lead06_classification/models/lstm_lead06_classification_training_history.csv",
  "best_val_loss": 1.0132088661193848,
  "best_epoch": 7,
  "epochs_ran": 27,
  "val_accuracy": 0.4351851851851852,
  "val_f1_macro": 0.3081967213114754,
  "val_auc_macro": 0.5964113121278802,
  "val_bss": 0.008316441243169104,
  "test_accuracy": 0.3137254901960784,
  "test_f1_macro": 0.19270833333333334,
  "test_auc_macro": 0.6358781065469662,
  "test_bss": 0.02983061444999946,
  "tuned": true,
  "best_params": {
    "hidden_size": 64,
    "num_layers": 1,
    "dropout": 0.1,
    "lr": 0.001,
    "weight_decay": 0.0,
    "batch_size": 64,
    "sequence_length": 12,
    "max_epochs": 60
  },
  "run_output_dir": "/work/ext/st12/shap-enso/data/tuned_wide/lstm/lead06_classification",
  "model_dir": "/work/ext/st12/shap-enso/data/tuned_wide/lstm/lead06_classification/models",
  "prediction_dir": "/work/ext/st12/shap-enso/data/tuned_wide/lstm/lead06_classification/predictions",
  "metrics_dir": "/work/ext/st12/shap-enso/data/tuned_wide/lstm/lead06_classification/metrics",
  "tuning_output_dir": "/work/ext/st12/shap-enso/data/tuned_wide/lstm/lead06_classification/tuning"
}