{
  "model_type": "xgb_tuned",
  "lead_months": 3,
  "task": "regression",
  "model_path": "/work/ext/st12/shap-enso/data/tuned_wide/xgb/lead03_regression/models/xgb_lead03_regression.ubj",
  "selection_metric": "r2",
  "run_output_dir": "/work/ext/st12/shap-enso/data/tuned_wide/xgb/lead03_regression",
  "best_params": {
    "n_estimators": 800.0,
    "max_depth": 2.0,
    "learning_rate": 0.05,
    "subsample": 0.8,
    "colsample_bytree": 0.8,
    "min_child_weight": 1.0,
    "reg_alpha": 0.0,
    "reg_lambda": 3.0,
    "gamma": 0.0,
    "max_delta_step": 0.0,
    "early_stopping_rounds": 50.0
  },
  "best_cv_summary": {
    "rank": 1.0,
    "trial_id": 14.0,
    "n_folds": 3.0,
    "n_estimators": 800.0,
    "max_depth": 2.0,
    "learning_rate": 0.05,
    "subsample": 0.8,
    "colsample_bytree": 0.8,
    "min_child_weight": 1.0,
    "reg_alpha": 0.0,
    "reg_lambda": 3.0,
    "gamma": 0.0,
    "max_delta_step": 0.0,
    "early_stopping_rounds": 50.0,
    "mean_val_start": NaN,
    "std_val_start": NaN,
    "mean_val_end": NaN,
    "std_val_end": NaN,
    "mean_best_iteration": 253.33333333333334,
    "std_best_iteration": 216.37364801554637,
    "mean_val_rmse": 0.4626369774341583,
    "std_val_rmse": 0.03650262091096359,
    "mean_val_mae": 0.3638162910938263,
    "std_val_mae": 0.03382963851842717,
    "mean_val_corr": 0.8275679303512554,
    "std_val_corr": 0.05210129955303705,
    "mean_val_r2": 0.6809983253479004,
    "std_val_r2": 0.08329496008969317,
    "mean_selection_score": 0.6809983253479004,
    "std_selection_score": 0.08329496008969317
  },
  "best_iteration": 332,
  "val_rmse": 0.4201700687408447,
  "val_mae": 0.3225520849227905,
  "val_corr": 0.8350704444028817,
  "val_r2": 0.6884489059448242,
  "test_rmse": 0.4132937490940094,
  "test_mae": 0.33196592330932617,
  "test_corr": 0.9324154872042222,
  "test_r2": 0.8290321826934814
}