{
  "model_type": "xgb_tuned",
  "lead_months": 12,
  "task": "classification",
  "model_path": "/work/ext/st12/shap-enso/data/tuned_wide/xgb/lead12_classification/models/xgb_lead12_classification.ubj",
  "selection_metric": "bss",
  "run_output_dir": "/work/ext/st12/shap-enso/data/tuned_wide/xgb/lead12_classification",
  "best_params": {
    "n_estimators": 1200.0,
    "max_depth": 5.0,
    "learning_rate": 0.1,
    "subsample": 0.6,
    "colsample_bytree": 0.6,
    "min_child_weight": 5.0,
    "reg_alpha": 0.0,
    "reg_lambda": 10.0,
    "gamma": 0.5,
    "max_delta_step": 1.0,
    "early_stopping_rounds": 50.0
  },
  "best_cv_summary": {
    "rank": 1.0,
    "trial_id": 137.0,
    "n_folds": 3.0,
    "n_estimators": 1200.0,
    "max_depth": 5.0,
    "learning_rate": 0.1,
    "subsample": 0.6,
    "colsample_bytree": 0.6,
    "min_child_weight": 5.0,
    "reg_alpha": 0.0,
    "reg_lambda": 10.0,
    "gamma": 0.5,
    "max_delta_step": 1.0,
    "early_stopping_rounds": 50.0,
    "mean_val_start": NaN,
    "std_val_start": NaN,
    "mean_val_end": NaN,
    "std_val_end": NaN,
    "mean_best_iteration": 51.0,
    "std_best_iteration": 52.351376931907595,
    "mean_val_accuracy": 0.545171339563863,
    "std_val_accuracy": 0.09722421516714785,
    "mean_val_f1_macro": 0.49885710370774383,
    "std_val_f1_macro": 0.12833431875697662,
    "mean_val_auc_macro": 0.7138870771379929,
    "std_val_auc_macro": 0.10573349815161959,
    "mean_val_bss": 0.08678924607014397,
    "std_val_bss": 0.18173229545031783,
    "mean_selection_score": 0.08678924607014397,
    "std_selection_score": 0.18173229545031783
  },
  "best_iteration": 16,
  "val_accuracy": 0.49074074074074076,
  "val_f1_macro": 0.39015151515151514,
  "val_auc_macro": 0.6766565091996126,
  "val_bss": 0.07387013440593793,
  "test_accuracy": 0.2916666666666667,
  "test_f1_macro": 0.2706550318653244,
  "test_auc_macro": 0.4826440826516447,
  "test_bss": -0.12416226719406787
}