{
  "model_type": "cnn_tuned",
  "lead_months": 3,
  "task": "classification",
  "model_path": "/work/ext/st12/shap-enso/data/tuned_wide/cnn/lead03_classification/models/cnn_lead03_classification.pt",
  "selection_metric": "bss",
  "run_output_dir": "/work/ext/st12/shap-enso/data/tuned_wide/cnn/lead03_classification",
  "best_params": {
    "channels": [
      32,
      64,
      128
    ],
    "kernel_size": 3,
    "dropout": 0.4,
    "head_hidden": 128,
    "n_head_layers": 2,
    "lr": 0.0005,
    "weight_decay": 1e-05,
    "batch_size": 8,
    "patience": 12,
    "grad_clip": 1.0,
    "max_epochs": 60
  },
  "best_cv_summary": {
    "rank": 1,
    "trial_id": 86,
    "n_folds": 3,
    "channels": [
      32,
      64,
      128
    ],
    "kernel_size": 3,
    "dropout": 0.4,
    "head_hidden": 128,
    "n_head_layers": 2,
    "lr": 0.0005,
    "weight_decay": 1e-05,
    "batch_size": 8,
    "patience": 12,
    "grad_clip": 1.0,
    "max_epochs": 60,
    "mean_val_start": NaN,
    "std_val_start": NaN,
    "mean_val_end": NaN,
    "std_val_end": NaN,
    "mean_best_val_loss": 0.7291957258806794,
    "std_best_val_loss": 0.09205623446723467,
    "mean_val_accuracy": 0.7133956386292835,
    "std_val_accuracy": 0.04339061768593184,
    "mean_val_f1_macro": 0.6653033164624254,
    "std_val_f1_macro": 0.08373396247396105,
    "mean_val_auc_macro": 0.8025519102866006,
    "std_val_auc_macro": 0.07685212727869895,
    "mean_val_bss": 0.3037648290543326,
    "std_val_bss": 0.11018762102436408,
    "mean_selection_score": 0.3037648290543326,
    "std_selection_score": 0.11018762102436408
  },
  "n_channels": 20,
  "channel_names": [
    "sst_lag0",
    "sst_lag1",
    "sst_lag2",
    "sst_lag3",
    "tauu_lag0",
    "tauu_lag1",
    "tauu_lag2",
    "tauu_lag3",
    "olr_lag0",
    "olr_lag1",
    "olr_lag2",
    "olr_lag3",
    "slp_lag0",
    "slp_lag1",
    "slp_lag2",
    "slp_lag3",
    "d20_lag0",
    "d20_lag1",
    "d20_lag2",
    "d20_lag3"
  ],
  "norm_mean": [
    -0.015564768575131893,
    -0.016545642167329788,
    -0.017336711287498474,
    -0.018083246424794197,
    86.93463897705078,
    85.4841537475586,
    82.34716033935547,
    83.81533813476562,
    23379.564453125,
    23507.28125,
    24173.7734375,
    24564.837890625,
    -0.047959692776203156,
    -0.048640210181474686,
    -0.04687934368848801,
    -0.04978802427649498,
    -26696998.0,
    -27251784.0,
    -27661660.0,
    -27929952.0
  ],
  "norm_std": [
    0.6160927414894104,
    0.6155766248703003,
    0.6155299544334412,
    0.6153796315193176,
    2194.36376953125,
    2190.3349609375,
    2191.842041015625,
    2194.845947265625,
    1072813.75,
    1073276.5,
    1075119.25,
    1076140.875,
    1.1757209300994873,
    1.1755497455596924,
    1.176027774810791,
    1.1760485172271729,
    727722624.0,
    727549120.0,
    727852480.0,
    728177024.0
  ],
  "best_val_loss": 0.6911658379766676,
  "val_accuracy": 0.6759259259259259,
  "val_f1_macro": 0.5761462479728734,
  "val_auc_macro": 0.8297620166877756,
  "val_bss": 0.2664075629482273,
  "test_accuracy": 0.7047619047619048,
  "test_f1_macro": 0.6992551689813921,
  "test_auc_macro": 0.8931957820975859,
  "test_bss": 0.39323558771068445
}