{
  "model_type": "xgb_tuned",
  "lead_months": 3,
  "task": "classification",
  "model_path": "/work/ext/st12/shap-enso/data/tuned_wide/xgb/lead03_classification/models/xgb_lead03_classification.ubj",
  "selection_metric": "bss",
  "run_output_dir": "/work/ext/st12/shap-enso/data/tuned_wide/xgb/lead03_classification",
  "best_params": {
    "n_estimators": 1600.0,
    "max_depth": 2.0,
    "learning_rate": 0.05,
    "subsample": 0.6,
    "colsample_bytree": 1.0,
    "min_child_weight": 5.0,
    "reg_alpha": 0.0,
    "reg_lambda": 3.0,
    "gamma": 0.5,
    "max_delta_step": 0.0,
    "early_stopping_rounds": 100.0
  },
  "best_cv_summary": {
    "rank": 1.0,
    "trial_id": 234.0,
    "n_folds": 3.0,
    "n_estimators": 1600.0,
    "max_depth": 2.0,
    "learning_rate": 0.05,
    "subsample": 0.6,
    "colsample_bytree": 1.0,
    "min_child_weight": 5.0,
    "reg_alpha": 0.0,
    "reg_lambda": 3.0,
    "gamma": 0.5,
    "max_delta_step": 0.0,
    "early_stopping_rounds": 100.0,
    "mean_val_start": NaN,
    "std_val_start": NaN,
    "mean_val_end": NaN,
    "std_val_end": NaN,
    "mean_best_iteration": 163.66666666666666,
    "std_best_iteration": 85.37108539911053,
    "mean_val_accuracy": 0.7009345794392523,
    "std_val_accuracy": 0.042486547342635066,
    "mean_val_f1_macro": 0.693907799816916,
    "std_val_f1_macro": 0.04415372611539679,
    "mean_val_auc_macro": 0.8619817527790677,
    "std_val_auc_macro": 0.021885092027207724,
    "mean_val_bss": 0.31979560810667124,
    "std_val_bss": 0.11263838371244336,
    "mean_selection_score": 0.31979560810667124,
    "std_selection_score": 0.11263838371244336
  },
  "best_iteration": 284,
  "val_accuracy": 0.7222222222222222,
  "val_f1_macro": 0.7170301031805127,
  "val_auc_macro": 0.8769793521126581,
  "val_bss": 0.37253706991015634,
  "test_accuracy": 0.6761904761904762,
  "test_f1_macro": 0.6866442199775533,
  "test_auc_macro": 0.8739925475543172,
  "test_bss": 0.3116779885254436
}