{
  "model_type": "lstm",
  "lead_months": 12,
  "task": "classification",
  "sequence_length": 6,
  "var_names": [
    "d20_nino34",
    "d20_nino4",
    "olr_eq",
    "slp_eq",
    "sst_nino12",
    "sst_nino3",
    "sst_nino34",
    "sst_nino4",
    "tauu_eq"
  ],
  "norm_mean": [
    94660864.0,
    1341223.5,
    5238.96533203125,
    -0.02325388230383396,
    0.03491565212607384,
    0.02455849200487137,
    0.04664143547415733,
    0.03546125069260597,
    80.1310806274414
  ],
  "norm_std": [
    1002967680.0,
    818019840.0,
    576547.1875,
    0.4880819618701935,
    1.1971982717514038,
    0.9838946461677551,
    0.9496163129806519,
    0.6644643545150757,
    537.7955322265625
  ],
  "prediction_file": "/work/ext/st12/shap-enso/data/tuned/lstm/lead12_classification/predictions/lstm_lead12_classification_test_predictions.csv",
  "training_history_file": "/work/ext/st12/shap-enso/data/tuned/lstm/lead12_classification/models/lstm_lead12_classification_training_history.csv",
  "best_val_loss": 1.0278942584991455,
  "best_epoch": 9,
  "epochs_ran": 29,
  "val_accuracy": 0.5,
  "val_f1_macro": 0.3010204081632653,
  "val_auc_macro": 0.6622225593552431,
  "val_bss": 0.02965773356563961,
  "test_accuracy": 0.3125,
  "test_f1_macro": 0.19817470664928294,
  "test_auc_macro": 0.519576563171542,
  "test_bss": -0.1284174916194576,
  "tuned": true,
  "best_params": {
    "hidden_size": 128,
    "num_layers": 1,
    "dropout": 0.2,
    "lr": 0.0003,
    "weight_decay": 0.0,
    "batch_size": 32,
    "sequence_length": 6,
    "max_epochs": 60
  },
  "run_output_dir": "/work/ext/st12/shap-enso/data/tuned/lstm/lead12_classification",
  "model_dir": "/work/ext/st12/shap-enso/data/tuned/lstm/lead12_classification/models",
  "prediction_dir": "/work/ext/st12/shap-enso/data/tuned/lstm/lead12_classification/predictions",
  "metrics_dir": "/work/ext/st12/shap-enso/data/tuned/lstm/lead12_classification/metrics",
  "tuning_output_dir": "/work/ext/st12/shap-enso/data/tuned/lstm/lead12_classification/tuning"
}