{
  "model_type": "xgb_tuned",
  "lead_months": 6,
  "task": "regression",
  "model_path": "/work/ext/st12/shap-enso/data/tuned_wide/xgb/lead06_regression/models/xgb_lead06_regression.ubj",
  "selection_metric": "r2",
  "run_output_dir": "/work/ext/st12/shap-enso/data/tuned_wide/xgb/lead06_regression",
  "best_params": {
    "n_estimators": 800.0,
    "max_depth": 4.0,
    "learning_rate": 0.1,
    "subsample": 0.8,
    "colsample_bytree": 1.0,
    "min_child_weight": 10.0,
    "reg_alpha": 0.1,
    "reg_lambda": 1.0,
    "gamma": 0.0,
    "max_delta_step": 0.0,
    "early_stopping_rounds": 50.0
  },
  "best_cv_summary": {
    "rank": 1.0,
    "trial_id": 182.0,
    "n_folds": 3.0,
    "n_estimators": 800.0,
    "max_depth": 4.0,
    "learning_rate": 0.1,
    "subsample": 0.8,
    "colsample_bytree": 1.0,
    "min_child_weight": 10.0,
    "reg_alpha": 0.1,
    "reg_lambda": 1.0,
    "gamma": 0.0,
    "max_delta_step": 0.0,
    "early_stopping_rounds": 50.0,
    "mean_val_start": NaN,
    "std_val_start": NaN,
    "mean_val_end": NaN,
    "std_val_end": NaN,
    "mean_best_iteration": 20.333333333333332,
    "std_best_iteration": 8.65383665716478,
    "mean_val_rmse": 0.6692468722661337,
    "std_val_rmse": 0.04879197993685074,
    "mean_val_mae": 0.535564124584198,
    "std_val_mae": 0.04196163923650648,
    "mean_val_corr": 0.596736398006195,
    "std_val_corr": 0.11779811025515972,
    "mean_val_r2": 0.3358639081319173,
    "std_val_r2": 0.16726290361026472,
    "mean_selection_score": 0.3358639081319173,
    "std_selection_score": 0.16726290361026472
  },
  "best_iteration": 12,
  "val_rmse": 0.7418174147605896,
  "val_mae": 0.5914568901062012,
  "val_corr": 0.43354577014750567,
  "val_r2": 0.09196984767913818,
  "test_rmse": 0.7663593292236328,
  "test_mae": 0.6307482123374939,
  "test_corr": 0.70036589414575,
  "test_r2": 0.41602182388305664
}