{
  "selection_metric": "r2",
  "metric_column": "val_r2",
  "maximize": true,
  "best_params": {
    "channels": [
      64,
      128,
      256,
      512
    ],
    "kernel_size": 5,
    "dropout": 0.4,
    "head_hidden": 512,
    "n_head_layers": 1,
    "lr": 0.0005,
    "weight_decay": 0.0001,
    "batch_size": 8,
    "patience": 12,
    "grad_clip": 1.0,
    "max_epochs": 60
  },
  "best_summary": {
    "rank": 1,
    "trial_id": 33,
    "n_folds": 3,
    "channels": [
      64,
      128,
      256,
      512
    ],
    "kernel_size": 5,
    "dropout": 0.4,
    "head_hidden": 512,
    "n_head_layers": 1,
    "lr": 0.0005,
    "weight_decay": 0.0001,
    "batch_size": 8,
    "patience": 12,
    "grad_clip": 1.0,
    "max_epochs": 60,
    "mean_val_start": NaN,
    "std_val_start": NaN,
    "mean_val_end": NaN,
    "std_val_end": NaN,
    "mean_best_val_loss": 0.17415050192042672,
    "std_best_val_loss": 0.010859022330681232,
    "mean_val_rmse": 0.417106827100118,
    "std_val_rmse": 0.013164578119167283,
    "mean_val_mae": 0.3401575783888499,
    "std_val_mae": 0.018104799189542654,
    "mean_val_corr": 0.866331194489684,
    "std_val_corr": 0.029052215064300495,
    "mean_val_r2": 0.7419065833091736,
    "std_val_r2": 0.054204780694585696,
    "mean_selection_score": 0.7419065833091736,
    "std_selection_score": 0.054204780694585696
  }
}