{
  "model_type": "cnn_tuned",
  "lead_months": 12,
  "task": "classification",
  "model_path": "/work/ext/st12/shap-enso/data/tuned_wide/cnn/lead12_classification/models/cnn_lead12_classification.pt",
  "selection_metric": "bss",
  "run_output_dir": "/work/ext/st12/shap-enso/data/tuned_wide/cnn/lead12_classification",
  "best_params": {
    "channels": [
      64,
      128,
      256,
      512
    ],
    "kernel_size": 3,
    "dropout": 0.2,
    "head_hidden": 256,
    "n_head_layers": 2,
    "lr": 0.0003,
    "weight_decay": 1e-05,
    "batch_size": 16,
    "patience": 25,
    "grad_clip": 0.5,
    "max_epochs": 60
  },
  "best_cv_summary": {
    "rank": 1,
    "trial_id": 71,
    "n_folds": 3,
    "channels": [
      64,
      128,
      256,
      512
    ],
    "kernel_size": 3,
    "dropout": 0.2,
    "head_hidden": 256,
    "n_head_layers": 2,
    "lr": 0.0003,
    "weight_decay": 1e-05,
    "batch_size": 16,
    "patience": 25,
    "grad_clip": 0.5,
    "max_epochs": 60,
    "mean_val_start": NaN,
    "std_val_start": NaN,
    "mean_val_end": NaN,
    "std_val_end": NaN,
    "mean_best_val_loss": 0.8707550305443762,
    "std_best_val_loss": 0.049007268531220276,
    "mean_val_accuracy": 0.5981308411214953,
    "std_val_accuracy": 0.03815404583774421,
    "mean_val_f1_macro": 0.5061302425348867,
    "std_val_f1_macro": 0.09354092271737637,
    "mean_val_auc_macro": 0.7483468614846619,
    "std_val_auc_macro": 0.06781463816603946,
    "mean_val_bss": 0.14999456185588264,
    "std_val_bss": 0.10533397939100675,
    "mean_selection_score": 0.14999456185588264,
    "std_selection_score": 0.10533397939100675
  },
  "n_channels": 20,
  "channel_names": [
    "sst_lag0",
    "sst_lag1",
    "sst_lag2",
    "sst_lag3",
    "tauu_lag0",
    "tauu_lag1",
    "tauu_lag2",
    "tauu_lag3",
    "olr_lag0",
    "olr_lag1",
    "olr_lag2",
    "olr_lag3",
    "slp_lag0",
    "slp_lag1",
    "slp_lag2",
    "slp_lag3",
    "d20_lag0",
    "d20_lag1",
    "d20_lag2",
    "d20_lag3"
  ],
  "norm_mean": [
    -0.015564768575131893,
    -0.016545642167329788,
    -0.017336711287498474,
    -0.018083246424794197,
    86.93463897705078,
    85.4841537475586,
    82.34716033935547,
    83.81533813476562,
    23379.564453125,
    23507.28125,
    24173.7734375,
    24564.837890625,
    -0.047959692776203156,
    -0.048640210181474686,
    -0.04687934368848801,
    -0.04978802427649498,
    -26696998.0,
    -27251784.0,
    -27661660.0,
    -27929952.0
  ],
  "norm_std": [
    0.6160927414894104,
    0.6155766248703003,
    0.6155299544334412,
    0.6153796315193176,
    2194.36376953125,
    2190.3349609375,
    2191.842041015625,
    2194.845947265625,
    1072813.75,
    1073276.5,
    1075119.25,
    1076140.875,
    1.1757209300994873,
    1.1755497455596924,
    1.176027774810791,
    1.1760485172271729,
    727722624.0,
    727549120.0,
    727852480.0,
    728177024.0
  ],
  "best_val_loss": 0.9915083161106816,
  "val_accuracy": 0.5092592592592593,
  "val_f1_macro": 0.3339432324654,
  "val_auc_macro": 0.7938588703206394,
  "val_bss": 0.08748174129582909,
  "test_accuracy": 0.3541666666666667,
  "test_f1_macro": 0.2522577996715928,
  "test_auc_macro": 0.509585489493233,
  "test_bss": -0.20616300467355697
}