{
  "model_type": "lstm",
  "lead_months": 6,
  "task": "regression",
  "sequence_length": 12,
  "var_names": [
    "d20_nino34",
    "d20_nino4",
    "olr_eq",
    "slp_eq",
    "sst_nino12",
    "sst_nino3",
    "sst_nino34",
    "sst_nino4",
    "tauu_eq"
  ],
  "norm_mean": [
    91836984.0,
    -5689422.5,
    5532.52197265625,
    -0.022849416360259056,
    0.03811345249414444,
    0.025428812950849533,
    0.04531019553542137,
    0.03192232921719551,
    83.16010284423828
  ],
  "norm_std": [
    1010410560.0,
    823576128.0,
    581372.0,
    0.49053359031677246,
    1.206208348274231,
    0.9923521280288696,
    0.9580971002578735,
    0.6695705652236938,
    540.1183471679688
  ],
  "prediction_file": "/work/ext/st12/shap-enso/data/tuned/lstm/lead06_regression/predictions/lstm_lead06_regression_test_predictions.csv",
  "training_history_file": "/work/ext/st12/shap-enso/data/tuned/lstm/lead06_regression/models/lstm_lead06_regression_training_history.csv",
  "best_val_loss": 0.5501902246916736,
  "best_epoch": 13,
  "epochs_ran": 33,
  "val_rmse": 0.7417480945587158,
  "val_mae": 0.606969952583313,
  "val_corr": 0.48089387734368527,
  "val_r2": 0.0921396017074585,
  "test_rmse": 0.8944295048713684,
  "test_mae": 0.7433757185935974,
  "test_corr": 0.47467596933119666,
  "test_r2": 0.20452970266342163,
  "tuned": true,
  "best_params": {
    "hidden_size": 32,
    "num_layers": 2,
    "dropout": 0.2,
    "lr": 0.001,
    "weight_decay": 0.0,
    "batch_size": 16,
    "sequence_length": 12,
    "max_epochs": 60
  },
  "run_output_dir": "/work/ext/st12/shap-enso/data/tuned/lstm/lead06_regression",
  "model_dir": "/work/ext/st12/shap-enso/data/tuned/lstm/lead06_regression/models",
  "prediction_dir": "/work/ext/st12/shap-enso/data/tuned/lstm/lead06_regression/predictions",
  "metrics_dir": "/work/ext/st12/shap-enso/data/tuned/lstm/lead06_regression/metrics",
  "tuning_output_dir": "/work/ext/st12/shap-enso/data/tuned/lstm/lead06_regression/tuning"
}