{
  "model_type": "cnn_tuned",
  "lead_months": 12,
  "task": "regression",
  "model_path": "/work/ext/st12/shap-enso/data/tuned_wide/cnn/lead12_regression/models/cnn_lead12_regression.pt",
  "selection_metric": "r2",
  "run_output_dir": "/work/ext/st12/shap-enso/data/tuned_wide/cnn/lead12_regression",
  "best_params": {
    "channels": [
      64,
      128,
      256,
      512
    ],
    "kernel_size": 5,
    "dropout": 0.4,
    "head_hidden": 256,
    "n_head_layers": 2,
    "lr": 0.001,
    "weight_decay": 1e-05,
    "batch_size": 16,
    "patience": 12,
    "grad_clip": 1.0,
    "max_epochs": 60
  },
  "best_cv_summary": {
    "rank": 1,
    "trial_id": 100,
    "n_folds": 3,
    "channels": [
      64,
      128,
      256,
      512
    ],
    "kernel_size": 5,
    "dropout": 0.4,
    "head_hidden": 256,
    "n_head_layers": 2,
    "lr": 0.001,
    "weight_decay": 1e-05,
    "batch_size": 16,
    "patience": 12,
    "grad_clip": 1.0,
    "max_epochs": 60,
    "mean_val_start": NaN,
    "std_val_start": NaN,
    "mean_val_end": NaN,
    "std_val_end": NaN,
    "mean_best_val_loss": 0.48491753131801096,
    "std_best_val_loss": 0.1042633200368868,
    "mean_val_rmse": 0.6919975479443868,
    "std_val_rmse": 0.07782619612647544,
    "mean_val_mae": 0.529269258181254,
    "std_val_mae": 0.06010643261209295,
    "mean_val_corr": 0.621329955604895,
    "std_val_corr": 0.08375686003377991,
    "mean_val_r2": 0.3246803283691406,
    "std_val_r2": 0.11314507965092781,
    "mean_selection_score": 0.3246803283691406,
    "std_selection_score": 0.11314507965092781
  },
  "n_channels": 20,
  "channel_names": [
    "sst_lag0",
    "sst_lag1",
    "sst_lag2",
    "sst_lag3",
    "tauu_lag0",
    "tauu_lag1",
    "tauu_lag2",
    "tauu_lag3",
    "olr_lag0",
    "olr_lag1",
    "olr_lag2",
    "olr_lag3",
    "slp_lag0",
    "slp_lag1",
    "slp_lag2",
    "slp_lag3",
    "d20_lag0",
    "d20_lag1",
    "d20_lag2",
    "d20_lag3"
  ],
  "norm_mean": [
    -0.015564768575131893,
    -0.016545642167329788,
    -0.017336711287498474,
    -0.018083246424794197,
    86.93463897705078,
    85.4841537475586,
    82.34716033935547,
    83.81533813476562,
    23379.564453125,
    23507.28125,
    24173.7734375,
    24564.837890625,
    -0.047959692776203156,
    -0.048640210181474686,
    -0.04687934368848801,
    -0.04978802427649498,
    -26696998.0,
    -27251784.0,
    -27661660.0,
    -27929952.0
  ],
  "norm_std": [
    0.6160927414894104,
    0.6155766248703003,
    0.6155299544334412,
    0.6153796315193176,
    2194.36376953125,
    2190.3349609375,
    2191.842041015625,
    2194.845947265625,
    1072813.75,
    1073276.5,
    1075119.25,
    1076140.875,
    1.1757209300994873,
    1.1755497455596924,
    1.176027774810791,
    1.1760485172271729,
    727722624.0,
    727549120.0,
    727852480.0,
    728177024.0
  ],
  "best_val_loss": 0.7060785867549755,
  "val_rmse": 0.8402848243713379,
  "val_mae": 0.6685042977333069,
  "val_corr": 0.5607561881376555,
  "val_r2": 0.21185201406478882,
  "test_rmse": 0.9937015771865845,
  "test_mae": 0.7963598370552063,
  "test_corr": 0.17991289552949297,
  "test_r2": -0.3220045566558838
}