{
  "model_type": "xgboost",
  "lead_months": 12,
  "task": "regression",
  "best_iteration": 1,
  "val_rmse": 0.9535455107688904,
  "val_mae": 0.7528886198997498,
  "val_corr": 0.11881229964400063,
  "val_r2": -0.014933466911315918,
  "test_rmse": 0.8657035231590271,
  "test_mae": 0.7133986353874207,
  "test_corr": 0.06436692071916117,
  "test_r2": -0.00336611270904541
}