{
  "model_type": "cnn_tuned",
  "lead_months": 3,
  "task": "regression",
  "model_path": "/work/ext/st12/shap-enso/data/tuned_wide/cnn/lead03_regression/models/cnn_lead03_regression.pt",
  "selection_metric": "r2",
  "run_output_dir": "/work/ext/st12/shap-enso/data/tuned_wide/cnn/lead03_regression",
  "best_params": {
    "channels": [
      64,
      128,
      256,
      512
    ],
    "kernel_size": 5,
    "dropout": 0.4,
    "head_hidden": 512,
    "n_head_layers": 1,
    "lr": 0.0005,
    "weight_decay": 0.0001,
    "batch_size": 8,
    "patience": 12,
    "grad_clip": 1.0,
    "max_epochs": 60
  },
  "best_cv_summary": {
    "rank": 1,
    "trial_id": 33,
    "n_folds": 3,
    "channels": [
      64,
      128,
      256,
      512
    ],
    "kernel_size": 5,
    "dropout": 0.4,
    "head_hidden": 512,
    "n_head_layers": 1,
    "lr": 0.0005,
    "weight_decay": 0.0001,
    "batch_size": 8,
    "patience": 12,
    "grad_clip": 1.0,
    "max_epochs": 60,
    "mean_val_start": NaN,
    "std_val_start": NaN,
    "mean_val_end": NaN,
    "std_val_end": NaN,
    "mean_best_val_loss": 0.17415050192042672,
    "std_best_val_loss": 0.010859022330681232,
    "mean_val_rmse": 0.417106827100118,
    "std_val_rmse": 0.013164578119167283,
    "mean_val_mae": 0.3401575783888499,
    "std_val_mae": 0.018104799189542654,
    "mean_val_corr": 0.866331194489684,
    "std_val_corr": 0.029052215064300495,
    "mean_val_r2": 0.7419065833091736,
    "std_val_r2": 0.054204780694585696,
    "mean_selection_score": 0.7419065833091736,
    "std_selection_score": 0.054204780694585696
  },
  "n_channels": 20,
  "channel_names": [
    "sst_lag0",
    "sst_lag1",
    "sst_lag2",
    "sst_lag3",
    "tauu_lag0",
    "tauu_lag1",
    "tauu_lag2",
    "tauu_lag3",
    "olr_lag0",
    "olr_lag1",
    "olr_lag2",
    "olr_lag3",
    "slp_lag0",
    "slp_lag1",
    "slp_lag2",
    "slp_lag3",
    "d20_lag0",
    "d20_lag1",
    "d20_lag2",
    "d20_lag3"
  ],
  "norm_mean": [
    -0.015564768575131893,
    -0.016545642167329788,
    -0.017336711287498474,
    -0.018083246424794197,
    86.93463897705078,
    85.4841537475586,
    82.34716033935547,
    83.81533813476562,
    23379.564453125,
    23507.28125,
    24173.7734375,
    24564.837890625,
    -0.047959692776203156,
    -0.048640210181474686,
    -0.04687934368848801,
    -0.04978802427649498,
    -26696998.0,
    -27251784.0,
    -27661660.0,
    -27929952.0
  ],
  "norm_std": [
    0.6160927414894104,
    0.6155766248703003,
    0.6155299544334412,
    0.6153796315193176,
    2194.36376953125,
    2190.3349609375,
    2191.842041015625,
    2194.845947265625,
    1072813.75,
    1073276.5,
    1075119.25,
    1076140.875,
    1.1757209300994873,
    1.1755497455596924,
    1.176027774810791,
    1.1760485172271729,
    727722624.0,
    727549120.0,
    727852480.0,
    728177024.0
  ],
  "best_val_loss": 0.1602674490875668,
  "val_rmse": 0.4003344774246216,
  "val_mae": 0.3145660161972046,
  "val_corr": 0.8490915900060622,
  "val_r2": 0.717170238494873,
  "test_rmse": 0.4551849961280823,
  "test_mae": 0.36675703525543213,
  "test_corr": 0.9151520350083155,
  "test_r2": 0.7926173210144043
}