{
  "model_type": "lstm",
  "lead_months": 3,
  "task": "classification",
  "sequence_length": 12,
  "var_names": [
    "d20_nino34",
    "d20_nino4",
    "olr_eq",
    "slp_eq",
    "sst_nino12",
    "sst_nino3",
    "sst_nino34",
    "sst_nino4",
    "tauu_eq"
  ],
  "norm_mean": [
    91836984.0,
    -5689422.5,
    5532.52197265625,
    -0.022849416360259056,
    0.03811345249414444,
    0.025428812950849533,
    0.04531019553542137,
    0.03192232921719551,
    83.16010284423828
  ],
  "norm_std": [
    1010410560.0,
    823576128.0,
    581372.0,
    0.49053359031677246,
    1.206208348274231,
    0.9923521280288696,
    0.9580971002578735,
    0.6695705652236938,
    540.1183471679688
  ],
  "prediction_file": "/work/ext/st12/shap-enso/data/tuned_wide/lstm/lead03_classification/predictions/lstm_lead03_classification_test_predictions.csv",
  "training_history_file": "/work/ext/st12/shap-enso/data/tuned_wide/lstm/lead03_classification/models/lstm_lead03_classification_training_history.csv",
  "best_val_loss": 0.7478194170527988,
  "best_epoch": 9,
  "epochs_ran": 29,
  "val_accuracy": 0.6296296296296297,
  "val_f1_macro": 0.6061240085256436,
  "val_auc_macro": 0.8124509414680663,
  "val_bss": 0.2225551392610432,
  "test_accuracy": 0.638095238095238,
  "test_f1_macro": 0.6469214029697902,
  "test_auc_macro": 0.8391775345609739,
  "test_bss": 0.2901365159322341,
  "tuned": true,
  "best_params": {
    "hidden_size": 32,
    "num_layers": 1,
    "dropout": 0.0,
    "lr": 0.001,
    "weight_decay": 0.0,
    "batch_size": 16,
    "sequence_length": 12,
    "max_epochs": 60
  },
  "run_output_dir": "/work/ext/st12/shap-enso/data/tuned_wide/lstm/lead03_classification",
  "model_dir": "/work/ext/st12/shap-enso/data/tuned_wide/lstm/lead03_classification/models",
  "prediction_dir": "/work/ext/st12/shap-enso/data/tuned_wide/lstm/lead03_classification/predictions",
  "metrics_dir": "/work/ext/st12/shap-enso/data/tuned_wide/lstm/lead03_classification/metrics",
  "tuning_output_dir": "/work/ext/st12/shap-enso/data/tuned_wide/lstm/lead03_classification/tuning"
}