{
  "selection_metric": "r2",
  "metric_column": "val_r2",
  "maximize": true,
  "best_params": {
    "n_estimators": 500.0,
    "max_depth": 3.0,
    "learning_rate": 0.1,
    "subsample": 0.8,
    "colsample_bytree": 0.8,
    "min_child_weight": 10.0,
    "reg_alpha": 1.0,
    "reg_lambda": 3.0,
    "gamma": 0.1,
    "max_delta_step": 1.0,
    "early_stopping_rounds": 100.0
  },
  "best_summary": {
    "rank": 1.0,
    "trial_id": 22.0,
    "n_folds": 3.0,
    "n_estimators": 500.0,
    "max_depth": 3.0,
    "learning_rate": 0.1,
    "subsample": 0.8,
    "colsample_bytree": 0.8,
    "min_child_weight": 10.0,
    "reg_alpha": 1.0,
    "reg_lambda": 3.0,
    "gamma": 0.1,
    "max_delta_step": 1.0,
    "early_stopping_rounds": 100.0,
    "mean_val_start": NaN,
    "std_val_start": NaN,
    "mean_val_end": NaN,
    "std_val_end": NaN,
    "mean_best_iteration": 17.333333333333332,
    "std_best_iteration": 18.263503375736967,
    "mean_val_rmse": 0.7656326492627462,
    "std_val_rmse": 0.17698487811831465,
    "mean_val_mae": 0.593553751707077,
    "std_val_mae": 0.13416153262817795,
    "mean_val_corr": 0.43114137699554583,
    "std_val_corr": 0.2870128850513597,
    "mean_val_r2": 0.16690866152445474,
    "std_val_r2": 0.27118379316571045,
    "mean_selection_score": 0.16690866152445474,
    "std_selection_score": 0.27118379316571045
  }
}