{
  "model_type": "lstm",
  "lead_months": 12,
  "task": "regression",
  "sequence_length": 6,
  "var_names": [
    "d20_nino34",
    "d20_nino4",
    "olr_eq",
    "slp_eq",
    "sst_nino12",
    "sst_nino3",
    "sst_nino34",
    "sst_nino4",
    "tauu_eq"
  ],
  "norm_mean": [
    94660864.0,
    1341223.5,
    5238.96533203125,
    -0.02325388230383396,
    0.03491565212607384,
    0.02455849200487137,
    0.04664143547415733,
    0.03546125069260597,
    80.1310806274414
  ],
  "norm_std": [
    1002967680.0,
    818019840.0,
    576547.1875,
    0.4880819618701935,
    1.1971982717514038,
    0.9838946461677551,
    0.9496163129806519,
    0.6644643545150757,
    537.7955322265625
  ],
  "prediction_file": "/work/ext/st12/shap-enso/data/tuned/lstm/lead12_regression/predictions/lstm_lead12_regression_test_predictions.csv",
  "training_history_file": "/work/ext/st12/shap-enso/data/tuned/lstm/lead12_regression/models/lstm_lead12_regression_training_history.csv",
  "best_val_loss": 0.8648025702547144,
  "best_epoch": 3,
  "epochs_ran": 23,
  "val_rmse": 0.9299476742744446,
  "val_mae": 0.6683165431022644,
  "val_corr": 0.2277511900962556,
  "val_r2": 0.03467899560928345,
  "test_rmse": 0.8607951402664185,
  "test_mae": 0.6927246451377869,
  "test_corr": 0.26510201591487625,
  "test_r2": 0.007979631423950195,
  "tuned": true,
  "best_params": {
    "hidden_size": 128,
    "num_layers": 2,
    "dropout": 0.2,
    "lr": 0.001,
    "weight_decay": 0.0001,
    "batch_size": 16,
    "sequence_length": 6,
    "max_epochs": 60
  },
  "run_output_dir": "/work/ext/st12/shap-enso/data/tuned/lstm/lead12_regression",
  "model_dir": "/work/ext/st12/shap-enso/data/tuned/lstm/lead12_regression/models",
  "prediction_dir": "/work/ext/st12/shap-enso/data/tuned/lstm/lead12_regression/predictions",
  "metrics_dir": "/work/ext/st12/shap-enso/data/tuned/lstm/lead12_regression/metrics",
  "tuning_output_dir": "/work/ext/st12/shap-enso/data/tuned/lstm/lead12_regression/tuning"
}