{
  "model_type": "lstm",
  "lead_months": 12,
  "task": "classification",
  "sequence_length": 6,
  "var_names": [
    "d20_nino34",
    "d20_nino4",
    "olr_eq",
    "slp_eq",
    "sst_nino12",
    "sst_nino3",
    "sst_nino34",
    "sst_nino4",
    "tauu_eq"
  ],
  "norm_mean": [
    94660864.0,
    1341223.5,
    5238.96533203125,
    -0.02325388230383396,
    0.03491565212607384,
    0.02455849200487137,
    0.04664143547415733,
    0.03546125069260597,
    80.1310806274414
  ],
  "norm_std": [
    1002967680.0,
    818019840.0,
    576547.1875,
    0.4880819618701935,
    1.1971982717514038,
    0.9838946461677551,
    0.9496163129806519,
    0.6644643545150757,
    537.7955322265625
  ],
  "prediction_file": "/work/ext/st12/shap-enso/data/tuned_wide/lstm/lead12_classification/predictions/lstm_lead12_classification_test_predictions.csv",
  "training_history_file": "/work/ext/st12/shap-enso/data/tuned_wide/lstm/lead12_classification/models/lstm_lead12_classification_training_history.csv",
  "best_val_loss": 1.0057477288775973,
  "best_epoch": 5,
  "epochs_ran": 25,
  "val_accuracy": 0.5648148148148148,
  "val_f1_macro": 0.4482044373608582,
  "val_auc_macro": 0.6779682541208029,
  "val_bss": 0.09815281592700997,
  "test_accuracy": 0.34375,
  "test_f1_macro": 0.3464285714285715,
  "test_auc_macro": 0.5519047907281422,
  "test_bss": -0.16915010648202222,
  "tuned": true,
  "best_params": {
    "hidden_size": 256,
    "num_layers": 2,
    "dropout": 0.5,
    "lr": 0.001,
    "weight_decay": 0.0001,
    "batch_size": 16,
    "sequence_length": 6,
    "max_epochs": 60
  },
  "run_output_dir": "/work/ext/st12/shap-enso/data/tuned_wide/lstm/lead12_classification",
  "model_dir": "/work/ext/st12/shap-enso/data/tuned_wide/lstm/lead12_classification/models",
  "prediction_dir": "/work/ext/st12/shap-enso/data/tuned_wide/lstm/lead12_classification/predictions",
  "metrics_dir": "/work/ext/st12/shap-enso/data/tuned_wide/lstm/lead12_classification/metrics",
  "tuning_output_dir": "/work/ext/st12/shap-enso/data/tuned_wide/lstm/lead12_classification/tuning"
}