{
  "model_type": "lstm",
  "lead_months": 6,
  "task": "regression",
  "norm_mean": [
    91836984.0,
    -5689422.5,
    5532.52197265625,
    -0.022849416360259056,
    0.03811345249414444,
    0.025428812950849533,
    0.04531019553542137,
    0.03192232921719551,
    83.16010284423828
  ],
  "norm_std": [
    1010410560.0,
    823576128.0,
    581372.0,
    0.49053359031677246,
    1.206208348274231,
    0.9923521280288696,
    0.9580971002578735,
    0.6695705652236938,
    540.1183471679688
  ],
  "best_val_loss": 0.48620525002479553,
  "val_rmse": 0.6972841024398804,
  "val_mae": 0.567834734916687,
  "val_corr": 0.5039492660883712,
  "val_r2": 0.19772028923034668,
  "test_rmse": 1.0134692192077637,
  "test_mae": 0.8020346164703369,
  "test_corr": 0.32941939574710116,
  "test_r2": -0.021299004554748535
}