{
  "model_type": "lstm",
  "lead_months": 12,
  "task": "classification",
  "norm_mean": [
    91836984.0,
    -5689422.5,
    5532.52197265625,
    -0.022849416360259056,
    0.03811345249414444,
    0.025428812950849533,
    0.04531019553542137,
    0.03192232921719551,
    83.16010284423828
  ],
  "norm_std": [
    1010410560.0,
    823576128.0,
    581372.0,
    0.49053359031677246,
    1.206208348274231,
    0.9923521280288696,
    0.9580971002578735,
    0.6695705652236938,
    540.1183471679688
  ],
  "best_val_loss": 1.0626790523529053,
  "val_accuracy": 0.4444444444444444,
  "val_f1_macro": 0.20512820512820515,
  "val_auc_macro": 0.6453728340347531,
  "val_bss": -0.010957977878485847,
  "test_accuracy": 0.3229166666666667,
  "test_f1_macro": 0.21104122990915442,
  "test_auc_macro": 0.5185534438634862,
  "test_bss": -0.07507405131847089
}