{
  "model_type": "lstm",
  "lead_months": 3,
  "task": "regression",
  "best_val_loss": 0.39485475420951843,
  "val_rmse": 0.6283747553825378,
  "val_mae": 0.4916382133960724,
  "val_corr": 0.5894591013482212,
  "val_r2": 0.3031865358352661,
  "test_rmse": 0.7756036520004272,
  "test_mae": 0.646587073802948,
  "test_corr": 0.6848899593202066,
  "test_r2": 0.39788925647735596
}