{
  "model_type": "lstm",
  "lead_months": 12,
  "task": "regression",
  "norm_mean": [
    91836984.0,
    -5689422.5,
    5532.52197265625,
    -0.022849416360259056,
    0.03811345249414444,
    0.025428812950849533,
    0.04531019553542137,
    0.03192232921719551,
    83.16010284423828
  ],
  "norm_std": [
    1010410560.0,
    823576128.0,
    581372.0,
    0.49053359031677246,
    1.206208348274231,
    0.9923521280288696,
    0.9580971002578735,
    0.6695705652236938,
    540.1183471679688
  ],
  "best_val_loss": 0.8861668705940247,
  "val_rmse": 0.9413643479347229,
  "val_mae": 0.7206185460090637,
  "val_corr": 0.20181217387572986,
  "val_r2": 0.01083153486251831,
  "test_rmse": 0.9003865122795105,
  "test_mae": 0.7466760277748108,
  "test_corr": 0.14688987840549858,
  "test_r2": -0.08537280559539795
}