{
  "model_type": "lstm",
  "lead_months": 6,
  "task": "classification",
  "norm_mean": [
    91836984.0,
    -5689422.5,
    5532.52197265625,
    -0.022849416360259056,
    0.03811345249414444,
    0.025428812950849533,
    0.04531019553542137,
    0.03192232921719551,
    83.16010284423828
  ],
  "norm_std": [
    1010410560.0,
    823576128.0,
    581372.0,
    0.49053359031677246,
    1.206208348274231,
    0.9923521280288696,
    0.9580971002578735,
    0.6695705652236938,
    540.1183471679688
  ],
  "best_val_loss": 1.0514897108078003,
  "val_accuracy": 0.46296296296296297,
  "val_f1_macro": 0.2613721103653989,
  "val_auc_macro": 0.5695084108413073,
  "val_bss": -0.018298914183278336,
  "test_accuracy": 0.35294117647058826,
  "test_f1_macro": 0.17391304347826086,
  "test_auc_macro": 0.5987634329191347,
  "test_bss": -0.00463682249374453
}