{
  "model_type": "lstm",
  "lead_months": 3,
  "task": "regression",
  "norm_mean": [
    91836984.0,
    -5689422.5,
    5532.52197265625,
    -0.022849416360259056,
    0.03811345249414444,
    0.025428812950849533,
    0.04531019553542137,
    0.03192232921719551,
    83.16010284423828
  ],
  "norm_std": [
    1010410560.0,
    823576128.0,
    581372.0,
    0.49053359031677246,
    1.206208348274231,
    0.9923521280288696,
    0.9580971002578735,
    0.6695705652236938,
    540.1183471679688
  ],
  "best_val_loss": 0.1935221552848816,
  "val_rmse": 0.43991154432296753,
  "val_mae": 0.3514919877052307,
  "val_corr": 0.83404326850491,
  "val_r2": 0.6584849953651428,
  "test_rmse": 0.3976772725582123,
  "test_mae": 0.3268262445926666,
  "test_corr": 0.9341425022977523,
  "test_r2": 0.8417083024978638
}