{
  "model_type": "lstm",
  "lead_months": 6,
  "task": "classification",
  "norm_mean": [
    91836984.0,
    -5689422.5,
    5532.52197265625,
    -0.022849416360259056,
    0.03811345249414444,
    0.025428812950849533,
    0.04531019553542137,
    0.03192232921719551,
    83.16010284423828
  ],
  "norm_std": [
    1010410560.0,
    823576128.0,
    581372.0,
    0.49053359031677246,
    1.206208348274231,
    0.9923521280288696,
    0.9580971002578735,
    0.6695705652236938,
    540.1183471679688
  ],
  "best_val_loss": 1.0455718040466309,
  "val_accuracy": 0.4351851851851852,
  "val_f1_macro": 0.31394858828487143,
  "val_auc_macro": 0.546558468909313,
  "val_bss": -0.019779744484343942,
  "test_accuracy": 0.4019607843137255,
  "test_f1_macro": 0.31457431457431456,
  "test_auc_macro": 0.6666860437419647,
  "test_bss": 0.05168658351099209
}