{
  "model_type": "lstm",
  "lead_months": 12,
  "task": "regression",
  "best_val_loss": 0.9040291905403137,
  "val_rmse": 0.9508044719696045,
  "val_mae": 0.7380231022834778,
  "val_corr": 0.10248411642630718,
  "val_r2": -0.009106993675231934,
  "test_rmse": 0.8541234135627747,
  "test_mae": 0.7093297839164734,
  "test_corr": 0.2089965444343381,
  "test_r2": 0.023297667503356934
}