{
  "model_type": "lstm",
  "lead_months": 6,
  "task": "regression",
  "norm_mean": [
    91836984.0,
    -5689422.5,
    5532.52197265625,
    -0.022849416360259056,
    0.03811345249414444,
    0.025428812950849533,
    0.04531019553542137,
    0.03192232921719551,
    83.16010284423828
  ],
  "norm_std": [
    1010410560.0,
    823576128.0,
    581372.0,
    0.49053359031677246,
    1.206208348274231,
    0.9923521280288696,
    0.9580971002578735,
    0.6695705652236938,
    540.1183471679688
  ],
  "best_val_loss": 0.5138354301452637,
  "val_rmse": 0.7168232202529907,
  "val_mae": 0.6011174321174622,
  "val_corr": 0.4755003118546519,
  "val_r2": 0.1521279215812683,
  "test_rmse": 0.8119228482246399,
  "test_mae": 0.6562603116035461,
  "test_corr": 0.6004932343273766,
  "test_r2": 0.34451723098754883
}