{
  "model_type": "lstm",
  "lead_months": 12,
  "task": "regression",
  "norm_mean": [
    91836984.0,
    -5689422.5,
    5532.52197265625,
    -0.022849416360259056,
    0.03811345249414444,
    0.025428812950849533,
    0.04531019553542137,
    0.03192232921719551,
    83.16010284423828
  ],
  "norm_std": [
    1010410560.0,
    823576128.0,
    581372.0,
    0.49053359031677246,
    1.206208348274231,
    0.9923521280288696,
    0.9580971002578735,
    0.6695705652236938,
    540.1183471679688
  ],
  "best_val_loss": 0.8641077876091003,
  "val_rmse": 0.9295739531517029,
  "val_mae": 0.6938839554786682,
  "val_corr": 0.21578297340760522,
  "val_r2": 0.03545469045639038,
  "test_rmse": 0.8789568543434143,
  "test_mae": 0.7167868614196777,
  "test_corr": 0.1830504810469306,
  "test_r2": -0.03432285785675049
}