{
  "model_type": "lstm",
  "lead_months": 3,
  "task": "regression",
  "norm_mean": [
    91836984.0,
    -5689422.5,
    5532.52197265625,
    -0.022849416360259056,
    0.03811345249414444,
    0.025428812950849533,
    0.04531019553542137,
    0.03192232921719551,
    83.16010284423828
  ],
  "norm_std": [
    1010410560.0,
    823576128.0,
    581372.0,
    0.49053359031677246,
    1.206208348274231,
    0.9923521280288696,
    0.9580971002578735,
    0.6695705652236938,
    540.1183471679688
  ],
  "best_val_loss": 0.1843235194683075,
  "val_rmse": 0.42932915687561035,
  "val_mae": 0.35056355595588684,
  "val_corr": 0.835474949492523,
  "val_r2": 0.6747181415557861,
  "test_rmse": 0.41295233368873596,
  "test_mae": 0.3388555645942688,
  "test_corr": 0.9274279851083659,
  "test_r2": 0.8293145298957825
}