{
  "model_type": "lstm",
  "lead_months": 3,
  "task": "classification",
  "norm_mean": [
    91836984.0,
    -5689422.5,
    5532.52197265625,
    -0.022849416360259056,
    0.03811345249414444,
    0.025428812950849533,
    0.04531019553542137,
    0.03192232921719551,
    83.16010284423828
  ],
  "norm_std": [
    1010410560.0,
    823576128.0,
    581372.0,
    0.49053359031677246,
    1.206208348274231,
    0.9923521280288696,
    0.9580971002578735,
    0.6695705652236938,
    540.1183471679688
  ],
  "best_val_loss": 0.8180161118507385,
  "val_accuracy": 0.7037037037037037,
  "val_f1_macro": 0.6695071010860484,
  "val_auc_macro": 0.8156133958482195,
  "val_bss": 0.22882744521389442,
  "test_accuracy": 0.5904761904761905,
  "test_f1_macro": 0.601947665774606,
  "test_auc_macro": 0.8299373714309258,
  "test_bss": 0.19611770163551334
}