{
  "model_type": "lstm",
  "lead_months": 6,
  "task": "regression",
  "best_val_loss": 0.5906702280044556,
  "val_rmse": 0.7685507535934448,
  "val_mae": 0.6250226497650146,
  "val_corr": 0.3651116405566886,
  "val_r2": 0.02534407377243042,
  "test_rmse": 0.9709307551383972,
  "test_mae": 0.7844128608703613,
  "test_corr": 0.3349318807016613,
  "test_r2": 0.06263601779937744
}