{
  "model_type": "cnn",
  "lead_months": 6,
  "task": "classification",
  "n_channels": 20,
  "channel_names": [
    "sst_lag0",
    "sst_lag1",
    "sst_lag2",
    "sst_lag3",
    "tauu_lag0",
    "tauu_lag1",
    "tauu_lag2",
    "tauu_lag3",
    "olr_lag0",
    "olr_lag1",
    "olr_lag2",
    "olr_lag3",
    "slp_lag0",
    "slp_lag1",
    "slp_lag2",
    "slp_lag3",
    "d20_lag0",
    "d20_lag1",
    "d20_lag2",
    "d20_lag3"
  ],
  "norm_mean": [
    -0.015564768575131893,
    -0.016545642167329788,
    -0.017336711287498474,
    -0.018083246424794197,
    86.93463897705078,
    85.4841537475586,
    82.34716033935547,
    83.81533813476562,
    23379.564453125,
    23507.28125,
    24173.7734375,
    24564.837890625,
    -0.047959692776203156,
    -0.048640210181474686,
    -0.04687934368848801,
    -0.04978802427649498,
    -26696998.0,
    -27251784.0,
    -27661660.0,
    -27929952.0
  ],
  "norm_std": [
    0.6160927414894104,
    0.6155766248703003,
    0.6155299544334412,
    0.6153796315193176,
    2194.36376953125,
    2190.3349609375,
    2191.842041015625,
    2194.845947265625,
    1072813.75,
    1073276.5,
    1075119.25,
    1076140.875,
    1.1757209300994873,
    1.1755497455596924,
    1.176027774810791,
    1.1760485172271729,
    727722624.0,
    727549120.0,
    727852480.0,
    728177024.0
  ],
  "best_val_loss": 0.9497633576393127,
  "val_accuracy": 0.5,
  "val_f1_macro": 0.4343915343915345,
  "val_auc_macro": 0.6846826040597901,
  "val_bss": 0.059577094235875094,
  "test_accuracy": 0.5490196078431373,
  "test_f1_macro": 0.4973544973544974,
  "test_auc_macro": 0.6941943403017965,
  "test_bss": 0.09718408411581958
}