{
  "model_type": "cnn_tuned",
  "lead_months": 6,
  "task": "regression",
  "model_path": "/work/ext/st12/shap-enso/data/tuned_wide/cnn/lead06_regression/models/cnn_lead06_regression.pt",
  "selection_metric": "r2",
  "run_output_dir": "/work/ext/st12/shap-enso/data/tuned_wide/cnn/lead06_regression",
  "best_params": {
    "channels": [
      128,
      256,
      512
    ],
    "kernel_size": 5,
    "dropout": 0.2,
    "head_hidden": 128,
    "n_head_layers": 1,
    "lr": 0.0005,
    "weight_decay": 0.0001,
    "batch_size": 8,
    "patience": 12,
    "grad_clip": 0.5,
    "max_epochs": 60
  },
  "best_cv_summary": {
    "rank": 1,
    "trial_id": 52,
    "n_folds": 3,
    "channels": [
      128,
      256,
      512
    ],
    "kernel_size": 5,
    "dropout": 0.2,
    "head_hidden": 128,
    "n_head_layers": 1,
    "lr": 0.0005,
    "weight_decay": 0.0001,
    "batch_size": 8,
    "patience": 12,
    "grad_clip": 0.5,
    "max_epochs": 60,
    "mean_val_start": NaN,
    "std_val_start": NaN,
    "mean_val_end": NaN,
    "std_val_end": NaN,
    "mean_best_val_loss": 0.4150335568690968,
    "std_best_val_loss": 0.04602206762186773,
    "mean_val_rmse": 0.6432232062021891,
    "std_val_rmse": 0.03603647659509109,
    "mean_val_mae": 0.49558544158935547,
    "std_val_mae": 0.04249256456046214,
    "mean_val_corr": 0.6550571951461698,
    "std_val_corr": 0.05861309488129146,
    "mean_val_r2": 0.40033312638600665,
    "std_val_r2": 0.07026443647188534,
    "mean_selection_score": 0.40033312638600665,
    "std_selection_score": 0.07026443647188534
  },
  "n_channels": 20,
  "channel_names": [
    "sst_lag0",
    "sst_lag1",
    "sst_lag2",
    "sst_lag3",
    "tauu_lag0",
    "tauu_lag1",
    "tauu_lag2",
    "tauu_lag3",
    "olr_lag0",
    "olr_lag1",
    "olr_lag2",
    "olr_lag3",
    "slp_lag0",
    "slp_lag1",
    "slp_lag2",
    "slp_lag3",
    "d20_lag0",
    "d20_lag1",
    "d20_lag2",
    "d20_lag3"
  ],
  "norm_mean": [
    -0.015564768575131893,
    -0.016545642167329788,
    -0.017336711287498474,
    -0.018083246424794197,
    86.93463897705078,
    85.4841537475586,
    82.34716033935547,
    83.81533813476562,
    23379.564453125,
    23507.28125,
    24173.7734375,
    24564.837890625,
    -0.047959692776203156,
    -0.048640210181474686,
    -0.04687934368848801,
    -0.04978802427649498,
    -26696998.0,
    -27251784.0,
    -27661660.0,
    -27929952.0
  ],
  "norm_std": [
    0.6160927414894104,
    0.6155766248703003,
    0.6155299544334412,
    0.6153796315193176,
    2194.36376953125,
    2190.3349609375,
    2191.842041015625,
    2194.845947265625,
    1072813.75,
    1073276.5,
    1075119.25,
    1076140.875,
    1.1757209300994873,
    1.1755497455596924,
    1.176027774810791,
    1.1760485172271729,
    727722624.0,
    727549120.0,
    727852480.0,
    728177024.0
  ],
  "best_val_loss": 0.46992817410716303,
  "val_rmse": 0.6855133771896362,
  "val_mae": 0.5378783345222473,
  "val_corr": 0.49177985824609377,
  "val_r2": 0.22457802295684814,
  "test_rmse": 0.6407279372215271,
  "test_mae": 0.5344564914703369,
  "test_corr": 0.7941946581416179,
  "test_r2": 0.5917943120002747
}