{
  "model_type": "lstm",
  "lead_months": 6,
  "task": "classification",
  "sequence_length": 6,
  "var_names": [
    "d20_nino34",
    "d20_nino4",
    "olr_eq",
    "slp_eq",
    "sst_nino12",
    "sst_nino3",
    "sst_nino34",
    "sst_nino4",
    "tauu_eq"
  ],
  "norm_mean": [
    94660864.0,
    1341223.5,
    5238.96533203125,
    -0.02325388230383396,
    0.03491565212607384,
    0.02455849200487137,
    0.04664143547415733,
    0.03546125069260597,
    80.1310806274414
  ],
  "norm_std": [
    1002967680.0,
    818019840.0,
    576547.1875,
    0.4880819618701935,
    1.1971982717514038,
    0.9838946461677551,
    0.9496163129806519,
    0.6644643545150757,
    537.7955322265625
  ],
  "prediction_file": "/work/ext/st12/shap-enso/data/tuned/lstm/lead06_classification/predictions/lstm_lead06_classification_test_predictions.csv",
  "training_history_file": "/work/ext/st12/shap-enso/data/tuned/lstm/lead06_classification/models/lstm_lead06_classification_training_history.csv",
  "best_val_loss": 1.0577077865600586,
  "best_epoch": 6,
  "epochs_ran": 26,
  "val_accuracy": 0.4444444444444444,
  "val_f1_macro": 0.3737842108188365,
  "val_auc_macro": 0.578886277847495,
  "val_bss": -0.040022798328153364,
  "test_accuracy": 0.47058823529411764,
  "test_f1_macro": 0.4591863043366163,
  "test_auc_macro": 0.6584834578255631,
  "test_bss": 0.06617439231693101,
  "tuned": true,
  "best_params": {
    "hidden_size": 128,
    "num_layers": 1,
    "dropout": 0.2,
    "lr": 0.0003,
    "weight_decay": 0.0,
    "batch_size": 32,
    "sequence_length": 6,
    "max_epochs": 60
  },
  "run_output_dir": "/work/ext/st12/shap-enso/data/tuned/lstm/lead06_classification",
  "model_dir": "/work/ext/st12/shap-enso/data/tuned/lstm/lead06_classification/models",
  "prediction_dir": "/work/ext/st12/shap-enso/data/tuned/lstm/lead06_classification/predictions",
  "metrics_dir": "/work/ext/st12/shap-enso/data/tuned/lstm/lead06_classification/metrics",
  "tuning_output_dir": "/work/ext/st12/shap-enso/data/tuned/lstm/lead06_classification/tuning"
}